語法問題,發音問題,聽力問題,詞彙問題,文化理解問題,口說練習,語言學習技巧,title,snippet,link
,,,,1,,,泰語初階假日班,"本中心特別規劃此課程提供中小企業員工外派前的訓練,聘請資深 ... 以快速融入當地生活,並解決食衣住行的問題。 課程規劃. 1. 泰語課程簡介，學習泰文的目標，介紹泰文化。",https://events.taiwantrade.com/2025OLC1136
,,,,,,1,【泰文學習】從會說泰文到深入泰國現場與趨勢- 雖然媽媽說那裡太 ...,"Feb 13, 2021 ... 曼谷RTL語言學校，沈浸式全泰語學習環境，讓人重新燃起泰文學習魂。 ... 泰文學習問題，都可以在下方留言！(*´∀`)~♥. Sign up to discover human ...",https://medium.com/%E9%9B%96%E7%84%B6%E5%AA%BD%E5%AA%BD%E8%AA%AA%E9%82%A3%E8%A3%A1%E5%A4%AA%E5%8D%B1%E9%9A%AA/%E6%B3%B0%E6%96%87%E5%AD%B8%E7%BF%92-%E5%BE%9E%E6%9C%83%E8%AA%AA%E6%B3%B0%E6%96%87%E5%88%B0%E6%B7%B1%E5%85%A5%E6%B3%B0%E5%9C%8B%E7%8F%BE%E5%A0%B4%E8%88%87%E8%B6%A8%E5%8B%A2-1b2e0a869b63
,,,1,1,,,泰文電子書｜《泰仙掌_中高級泰語課程》 - Kru Cho 泰語教室,... 泰語表達方式和深度梗，別錯過這本喔. Kru Cho. 課程簡介課程要點課程內容關於講師常見問題. 泰文電子書｜《泰仙掌_中高級泰語課程》. 本課程包含以下內容：. 1 個課程單元.,https://krucho-thailanguage.com/courses/taixianzhang-19
,1,,1,,,1,App Store 上的“泰语旅游翻译助手- 泰文日常口语听说学习”,"Apr 18, 2017 ... *调整问题和卡片设置泰语->汉语，汉语->泰语，发音->汉语，汉语->发音. ***11 免费学习类别***. 在以下类别中学习300+免费的泰语短语泰语语字词：. * 泰语基础 ...",https://apps.apple.com/cn/app/%E6%B3%B0%E8%AF%AD%E6%97%85%E6%B8%B8%E7%BF%BB%E8%AF%91%E5%8A%A9%E6%89%8B-%E6%B3%B0%E6%96%87%E6%97%A5%E5%B8%B8%E5%8F%A3%E8%AF%AD%E5%90%AC%E8%AF%B4%E5%AD%A6%E4%B9%A0/id1108392719
,,,1,,,1,‪#‎泰語學習‬ - Explore | Facebook,嗨！給大家介紹另外一個新的實習生！Mam 妹妹！Benjaporn Jatupornpoonsup 她會跟จั่น Jun妹妹Jugjun Supree 一起幫助大家學習泰文喔！這個群組裡面的內容，很多都是他們兩個 ...,https://www.facebook.com/hashtag/%E6%B3%B0%E8%AA%9E%E5%AD%B8%E7%BF%92?__eep__=6
1,1,,1,,,1,泰国初级汉语学习者汉语拼音学习问题与解决方案研究——以泰国北 ...,... 泰发音的相同. 和不同之处。对中泰的声母和韵母、声调进行对比分析。2）总结泰国学生发音错误的. 情况：泰语注音问题，发音偏误问题和母语的负迁移问题。3）找出和设计适合泰国 ...,https://has.hcu.ac.th/jspui/bitstream/123456789/2692/1/Research-Study-on-Problems-of-Learning-Chinese-Pinyin.pdf
,,,1,,,1,Ling語言學習大師- 快來學泰語、粵語、日語等多國語言！ - Google ...,加入超5百萬的語言學習者！通過迷你課程學習60多種不同語言。立即試試看Ling 學習一門新語言！ Ling在2017年被推出，致力於通過互動遊戲和其他有趣的小活動，為你帶來盡 ...,https://play.google.com/store/apps/details?id=com.simyasolutions.ling.universal&hl=zh_TW
,,,1,,,1,多少钱翻译成泰文- 抖音,4 days ago ... ACU PAY Thailand · 2年前. 00:00 泰语简单的价格词汇：10块、20块、30块。 ; 泰好笑的胖子 · 2月前. 泰语学习问题到底出在哪啊#泰语 #泰国 #泰语学习 ; 芳芳和 ...,https://www.douyin.com/search/%E5%A4%9A%E5%B0%91%E9%92%B1%E7%BF%BB%E8%AF%91%E6%88%90%E6%B3%B0%E6%96%87
,,,1,1,,1,Ling泰语学习大师- 快速学会泰语，轻松与泰国人沟通- Google Play ...,Ling：轻松学泰语，玩转泰国文化！ 不论你是泰语初学者，还是已经能够流利掌握并希望进一步深入学习泰语，Ling 都能满足你的需求。通过有趣且互动的学习方式，Ling 提供了一 ...,https://play.google.com/store/apps/details?id=com.simyasolutions.ling&hl=zh
,1,1,1,,1,1,常見問題| 目的達泰語教室,「泰文閱讀＆拼音R1~R3」的教材用書為Erik 老師編撰的：『泰文字母聽.說.寫』一書，本書已經正式由＊笛籐出版社＊印刷成附講解MP3 之全彩書籍，需另付250 元(小本版) 或300 元(大 ...,https://mudita.tw/faq/
